Day_of_week,Age_band_of_driver,Sex_of_driver,Educational_level,Vehicle_driver_relation,Driving_experience,Type_of_vehicle,Owner_of_vehicle,Service_year_of_vehicle,Defect_of_vehicle,Area_accident_occured,Lanes_or_Medians,Road_allignment,Types_of_Junction,Road_surface_type,Road_surface_conditions,Light_conditions,Weather_conditions,Type_of_collision,Number_of_vehicles_involved,Number_of_casualties,Vehicle_movement,Pedestrian_movement,Cause_of_accident,Hour_of_day,Is_night,Is_rush_hour,Is_weekend
Wednesday,18-30,Male,Elementary school,Employee,5-10yr,Public (12 seats),Owner,5-10yrs,Unknown,Residential areas,Undivided Two way,Tangent road with flat terrain,No junction,Earth roads,Wet or damp,Daylight,Raining,Vehicle with vehicle collision,2,1,Going straight,Not a Pedestrian,No priority to pedestrian,8,0,1,0
Thursday,18-30,Male,Junior high school,Employee,2-5yr,Public (> 45 seats),Owner,Unknown,Unknown,Office areas,Unknown,Tangent road with flat terrain,Y Shape,Asphalt roads,Dry,Daylight,Normal,Collision with pedestrians,3,3,Going straight,Crossing from nearside - masked by parked or statioNot a Pedestrianry vehicle,Changing lane to the right,15,0,0,0
Wednesday,31-50,Male,Junior high school,Employee,5-10yr,Lorry (41?100Q),Owner,Unknown,No defect,Office areas,Double carriageway (median),Tangent road with flat terrain,No junction,Asphalt roads,Dry,Daylight,Normal,Vehicle with vehicle collision,2,1,Going straight,Not a Pedestrian,Changing lane to the left,18,0,1,0
Monday,31-50,Male,Junior high school,Employee,2-5yr,Other,Owner,Above 10yr,No defect,Office areas,Two-way (divided with broken lines road marking),Tangent road with flat terrain,Unknown,Asphalt roads,Dry,Daylight,Normal,Vehicle with vehicle collision,3,1,Going straight,Not a Pedestrian,Changing lane to the right,15,0,0,0
Monday,18-30,Male,Unknown,Employee,Unknown,Motorcycle,Owner,Unknown,Unknown,Other,Two-way (divided with broken lines road marking),Tangent road with flat terrain,Y Shape,Asphalt roads,Dry,Daylight,Normal,Vehicle with vehicle collision,2,1,Going straight,Not a Pedestrian,Changing lane to the right,10,0,0,0
Sunday,Over 51,Male,Unknown,Unknown,Unknown,Pick up upto 10Q,Owner,Above 10yr,No defect,Other,One way,Steep grade downward with mountainous terrain,Y Shape,Asphalt roads,Wet or damp,Daylight,Raining,Vehicle with vehicle collision,2,3,Going straight,Not a Pedestrian,Changing lane to the right,11,0,0,1
Sunday,Over 51,Male,High school,Owner,2-5yr,Other,Owner,Unknown,No defect,Other,Two-way (divided with broken lines road marking),Tangent road with flat terrain,No junction,Asphalt roads,Wet or damp,Darkness - lights lit,Normal,Collision with roadside objects,2,5,Going straight,Not a Pedestrian,Changing lane to the left,18,0,1,1
Monday,18-30,Male,Elementary school,Employee,Unknown,Automobile,Owner,Unknown,No defect,Unknown,other,Tangent road with flat terrain,Crossing,Asphalt roads,Dry,Daylight,Normal,Collision with pedestrians,2,1,Turnover,Not a Pedestrian,Driving carelessly,13,0,0,0
Thursday,18-30,Male,Junior high school,Employee,Below 1yr,Automobile,Owner,2-5yrs,No defect,Church areas,One way,Tangent road with flat terrain,No junction,Asphalt roads,Dry,Daylight,Normal,Vehicle with vehicle collision,2,1,Going straight,Not a Pedestrian,Driving carelessly,16,0,0,0
Sunday,Unknown,Female,Junior high school,Employee,Above 10yr,Lorry (41?100Q),Owner,Above 10yr,Unknown,Office areas,Undivided Two way,Tangent road with flat terrain,No junction,Asphalt roads,Dry,Daylight,Normal,Vehicle with vehicle collision,3,1,Turnover,Not a Pedestrian,No distancing,15,0,0,1
Tuesday,31-50,Male,Junior high school,Employee,5-10yr,Public (> 45 seats),Owner,1-2yr,No defect,Office areas,Undivided Two way,Tangent road with flat terrain,Y Shape,Asphalt roads,Dry,Daylight,Normal,Vehicle with vehicle collision,2,1,Other,Not a Pedestrian,Overtaking,15,0,0,0
Friday,31-50,Male,Junior high school,Employee,2-5yr,Lorry (41?100Q),Owner,Unknown,No defect,Office areas,One way,Tangent road with flat terrain,Y Shape,Other,Dry,Daylight,Normal,Vehicle with vehicle collision,2,1,Going straight,Not a Pedestrian,No distancing,15,0,0,0
Wednesday,31-50,Male,Junior high school,Employee,5-10yr,Lorry (11?40Q),Owner,2-5yrs,Unknown,Other,Undivided Two way,Tangent road with flat terrain,Crossing,Asphalt roads,Dry,Daylight,Normal,Vehicle with vehicle collision,3,1,Going straight,Not a Pedestrian,No distancing,7,0,1,0
Monday,31-50,Male,Junior high school,Employee,2-5yr,Lorry (41?100Q),Owner,1-2yr,No defect,Other,One way,Tangent road with flat terrain,No junction,Earth roads,Dry,Daylight,Unknown,Vehicle with vehicle collision,2,1,Going straight,Unknown or other,Changing lane to the right,8,0,1,0
Friday,18-30,Male,Junior high school,Employee,5-10yr,Automobile,Owner,Unknown,Unknown,Unknown,other,Tangent road with flat terrain,No junction,Asphalt roads,Dry,Daylight,Normal,Vehicle with vehicle collision,1,1,Going straight,Not a Pedestrian,Changing lane to the left,16,0,0,0
Tuesday,Over 51,Male,Junior high school,Employee,1-2yr,Long lorry,Governmental,Unknown,No defect,Residential areas,Two-way (divided with broken lines road marking),Tangent road with flat terrain,Y Shape,Asphalt roads,Dry,Daylight,Normal,Vehicle with vehicle collision,3,1,Going straight,Not a Pedestrian,Driving carelessly,15,0,0,0
Sunday,Under 18,Male,Junior high school,Employee,5-10yr,Lorry (11?40Q),Owner,5-10yrs,Unknown,Office areas,Two-way (divided with broken lines road marking),Tangent road with flat terrain,Y Shape,Asphalt roads,Wet or damp,Daylight,Normal,Vehicle with vehicle collision,2,1,Going straight,Not a Pedestrian,Changing lane to the right,17,0,1,1
Tuesday,Over 51,Male,Junior high school,Employee,1-2yr,Lorry (41?100Q),Governmental,2-5yrs,Unknown,Recreational areas,Two-way (divided with broken lines road marking),Tangent road with flat terrain,No junction,Unknown,Wet or damp,Daylight,Raining,Vehicle with vehicle collision,2,4,Reversing,Not a Pedestrian,Driving carelessly,18,0,1,0
Tuesday,Under 18,Male,Junior high school,Employee,Above 10yr,Stationwagen,Owner,2-5yrs,Unknown,Office areas,One way,Steep grade downward with mountainous terrain,Unknown,Unknown,Dry,Darkness - lights lit,Normal,Vehicle with vehicle collision,3,1,Going straight,Not a Pedestrian,Other,15,0,0,0
Saturday,31-50,Male,High school,Employee,5-10yr,Other,Owner,Unknown,No defect,Church areas,Two-way (divided with broken lines road marking),Tangent road with flat terrain,Crossing,Earth roads,Dry,Daylight,Normal,Vehicle with vehicle collision,2,1,Going straight,"In carriageway, statioNot a Pedestrianry - not crossing  (standing or playing)",No distancing,17,0,1,1
Monday,18-30,Male,Junior high school,Employee,1-2yr,Lorry (11?40Q),Owner,5-10yrs,Unknown,Office areas,Unknown,Tangent road with flat terrain,No junction,Asphalt roads,Dry,Daylight,Normal,Vehicle with vehicle collision,3,2,Unknown,Not a Pedestrian,Changing lane to the left,17,0,1,0
Monday,Unknown,Male,Junior high school,Employee,Below 1yr,Public (> 45 seats),Owner,Unknown,Unknown,Other,Two-way (divided with broken lines road marking),Tangent road with flat terrain,Other,Asphalt roads,Wet or damp,Daylight,Normal,Collision with roadside objects,2,1,Other,Not a Pedestrian,Changing lane to the right,19,0,1,0
Tuesday,18-30,Male,Junior high school,Employee,1-2yr,Public (13?45 seats),Governmental,1-2yr,No defect,Other,Two-way (divided with broken lines road marking),Tangent road with flat terrain,Y Shape,Asphalt roads,Dry,Daylight,Normal,Vehicle with vehicle collision,1,1,Going straight,Not a Pedestrian,No distancing,11,0,0,0
Friday,31-50,Male,Junior high school,Owner,5-10yr,Pick up upto 10Q,Owner,Unknown,No defect,Office areas,Double carriageway (median),Tangent road with mild grade and flat terrain,No junction,Asphalt roads,Dry,Darkness - lights lit,Unknown,Vehicle with vehicle collision,2,2,Going straight,Crossing from offside - masked by  parked or statioNot a Pedestrianry vehicle,No priority to pedestrian,20,1,0,0
Thursday,Over 51,Male,Elementary school,Owner,5-10yr,Automobile,Owner,2-5yrs,No defect,Residential areas,Double carriageway (median),Tangent road with flat terrain,Y Shape,Asphalt roads,Dry,Daylight,Normal,Vehicle with vehicle collision,3,1,Other,Not a Pedestrian,Driving carelessly,10,0,0,0
Tuesday,18-30,Male,Junior high school,Employee,Above 10yr,Lorry (41?100Q),Governmental,5-10yrs,No defect,Church areas,Two-way (divided with broken lines road marking),Tangent road with flat terrain,Y Shape,Asphalt roads,Dry,Daylight,Normal,Vehicle with vehicle collision,2,1,Going straight,Not a Pedestrian,No distancing,12,0,0,0
Saturday,31-50,Male,Elementary school,Employee,2-5yr,Automobile,Owner,Unknown,No defect,Office areas,Undivided Two way,Tangent road with flat terrain,Y Shape,Asphalt roads,Dry,Daylight,Normal,Vehicle with vehicle collision,2,1,Moving Backward,Not a Pedestrian,No distancing,7,0,1,1
Monday,18-30,Male,Elementary school,Employee,5-10yr,Other,Owner,Above 10yr,No defect,Other,other,Tangent road with flat terrain,Crossing,Asphalt roads,Dry,Daylight,Normal,Rollover,2,1,Going straight,Not a Pedestrian,Getting off the vehicle improperly,7,0,1,0
Tuesday,31-50,Male,Junior high school,Employee,2-5yr,Automobile,Unknown,Unknown,Unknown,Unknown,Unknown,Unknown,Crossing,Asphalt roads,Dry,Daylight,Normal,Vehicle with vehicle collision,2,1,Going straight,Not a Pedestrian,Changing lane to the right,15,0,0,0
Monday,18-30,Male,Junior high school,Employee,2-5yr,Other,Owner,5-10yrs,Unknown,Residential areas,Undivided Two way,Tangent road with flat terrain,Y Shape,Asphalt roads,Wet or damp,Darkness - lights lit,Raining,Vehicle with vehicle collision,2,1,Going straight,Not a Pedestrian,No priority to vehicle,21,1,0,0
Saturday,Under 18,Male,Junior high school,Employee,5-10yr,Automobile,Owner,Above 10yr,No defect,Residential areas,Two-way (divided with broken lines road marking),Tangent road with flat terrain,Y Shape,Asphalt roads,Dry,Daylight,Normal,Vehicle with vehicle collision,2,1,Going straight,Not a Pedestrian,Changing lane to the right,16,0,0,1
Wednesday,Over 51,Male,Elementary school,Owner,5-10yr,Automobile,Owner,1-2yr,No defect,Industrial areas,Double carriageway (median),Tangent road with flat terrain,No junction,Asphalt roads,Dry,Daylight,Normal,Vehicle with vehicle collision,2,1,Going straight,Not a Pedestrian,Unknown,15,0,0,0
Wednesday,31-50,Male,Elementary school,Owner,2-5yr,Lorry (41?100Q),Owner,Unknown,No defect,Office areas,Undivided Two way,Tangent road with flat terrain,Other,Asphalt roads,Dry,Daylight,Normal,Vehicle with vehicle collision,2,1,Going straight,Not a Pedestrian,Changing lane to the left,16,0,0,0
Thursday,Over 51,Male,High school,Owner,5-10yr,Unknown,Owner,2-5yrs,Unknown,School areas,Undivided Two way,Tangent road with mild grade and flat terrain,Y Shape,Asphalt roads,Wet or damp,Daylight,Other,Vehicle with vehicle collision,2,2,Going straight,Not a Pedestrian,No distancing,8,0,1,0
Thursday,18-30,Male,Elementary school,Employee,5-10yr,Other,Owner,Unknown,Unknown,Residential areas,Two-way (divided with broken lines road marking),Tangent road with flat terrain,Y Shape,Gravel roads,Wet or damp,Darkness - lights lit,Cloudy,Vehicle with vehicle collision,3,2,Other,Not a Pedestrian,Changing lane to the left,16,0,0,0
Friday,31-50,Male,Junior high school,Employee,5-10yr,Public (> 45 seats),Owner,Above 10yr,No defect,Other,Two-way (divided with broken lines road marking),Tangent road with flat terrain,No junction,Asphalt roads,Wet or damp,Daylight,Other,Vehicle with vehicle collision,2,2,Unknown,Not a Pedestrian,Driving at high speed,15,0,0,0
Saturday,18-30,Male,Junior high school,Employee,2-5yr,Automobile,Owner,1-2yr,No defect,Outside rural areas,Two-way (divided with broken lines road marking),Tangent road with flat terrain,Other,Asphalt roads,Dry,Daylight,Normal,Vehicle with vehicle collision,2,1,Going straight,Not a Pedestrian,Driving under the influence of drugs,13,0,0,1
Sunday,Over 51,Male,Junior high school,Employee,1-2yr,Pick up upto 10Q,Owner,Above 10yr,No defect,Residential areas,other,Tangent road with flat terrain,Crossing,Asphalt roads,Dry,Darkness - lights lit,Normal,Collision with roadside objects,3,1,Going straight,Not a Pedestrian,Changing lane to the left,23,1,0,1
Sunday,18-30,Male,Junior high school,Employee,2-5yr,Lorry (41?100Q),Owner,Above 10yr,No defect,Office areas,Two-way (divided with broken lines road marking),Tangent road with flat terrain,Y Shape,Asphalt roads,Wet or damp,Darkness - lights lit,Normal,Collision with pedestrians,3,3,Going straight,Crossing from nearside - masked by parked or statioNot a Pedestrianry vehicle,Changing lane to the left,1,1,0,1
Thursday,18-30,Male,Elementary school,Owner,1-2yr,Pick up upto 10Q,Governmental,Unknown,Unknown,Office areas,Two-way (divided with broken lines road marking),Tangent road with flat terrain,No junction,Asphalt roads,Dry,Daylight,Normal,Vehicle with vehicle collision,2,1,Going straight,Not a Pedestrian,Changing lane to the right,17,0,1,0
Monday,31-50,Male,Junior high school,Employee,2-5yr,Automobile,Owner,Unknown,No defect,Office areas,Undivided Two way,Tangent road with flat terrain,Crossing,Asphalt roads,Dry,Daylight,Normal,Vehicle with vehicle collision,2,1,Moving Backward,Not a Pedestrian,Moving Backward,15,0,0,0
Tuesday,Unknown,Male,Junior high school,Employee,1-2yr,Stationwagen,Owner,Above 10yr,Unknown,School areas,Two-way (divided with broken lines road marking),Tangent road with flat terrain,Y Shape,Asphalt roads,Dry,Darkness - lights lit,Normal,Vehicle with vehicle collision,2,1,Going straight,Not a Pedestrian,Changing lane to the right,18,0,1,0
Monday,18-30,Male,Unknown,Employee,Below 1yr,Stationwagen,Owner,Unknown,Unknown,Other,Two-way (divided with broken lines road marking),Tangent road with flat terrain,Y Shape,Asphalt roads,Dry,Daylight,Normal,Vehicle with vehicle collision,1,1,Other,Not a Pedestrian,Other,8,0,1,0
Monday,18-30,Male,High school,Owner,Above 10yr,Automobile,Owner,Unknown,No defect,Office areas,Double carriageway (median),Gentle horizontal curve,Y Shape,Asphalt roads,Dry,Daylight,Normal,Collision with roadside objects,1,2,Moving Backward,Crossing from nearside - masked by parked or statioNot a Pedestrianry vehicle,No priority to vehicle,15,0,0,0
Wednesday,31-50,Male,Junior high school,Employee,5-10yr,Automobile,Other,1-2yr,No defect,Recreational areas,other,Tangent road with flat terrain,Crossing,Asphalt roads,Dry,Daylight,Normal,Vehicle with vehicle collision,2,2,Reversing,Not a Pedestrian,No distancing,9,0,1,0
Sunday,Over 51,Female,Junior high school,Employee,Above 10yr,Automobile,Owner,Unknown,No defect,Other,Undivided Two way,Tangent road with flat terrain,Unknown,Earth roads,Dry,Daylight,Normal,Vehicle with vehicle collision,2,1,Going straight,Not a Pedestrian,Driving carelessly,20,1,0,1
Monday,31-50,Male,Junior high school,Owner,Above 10yr,Unknown,Owner,Below 1yr,No defect,Other,Undivided Two way,Tangent road with flat terrain,Crossing,Asphalt roads,Dry,Darkness - lights lit,Normal,Vehicle with vehicle collision,2,3,Going straight,Not a Pedestrian,Moving Backward,18,0,1,0
Wednesday,Unknown,Male,Junior high school,Employee,Unknown,Special vehicle,Governmental,5-10yrs,No defect,Other,Undivided Two way,Tangent road with flat terrain,Crossing,Asphalt roads,Dry,Daylight,Normal,Vehicle with vehicle collision,1,1,Moving Backward,Not a Pedestrian,No distancing,8,0,1,0
Friday,Over 51,Male,Unknown,Owner,5-10yr,Automobile,Owner,2-5yrs,Unknown,Residential areas,Two-way (divided with broken lines road marking),Tangent road with flat terrain,Crossing,Asphalt roads,Dry,Daylight,Normal,Vehicle with vehicle collision,2,1,Going straight,Not a Pedestrian,Changing lane to the left,6,0,0,0
Sunday,31-50,Male,Junior high school,Employee,2-5yr,Automobile,Governmental,Unknown,No defect,Residential areas,other,Tangent road with flat terrain,No junction,Asphalt roads,Dry,Daylight,Normal,Collision with animals,1,1,Reversing,Not a Pedestrian,No distancing,16,0,0,1
Monday,31-50,Male,Junior high school,Employee,5-10yr,Lorry (41?100Q),Owner,Unknown,No defect,Office areas,Two-way (divided with broken lines road marking),Tangent road with flat terrain,Y Shape,Asphalt roads,Dry,Daylight,Normal,Vehicle with vehicle collision,2,2,Going straight,Not a Pedestrian,Driving carelessly,11,0,0,0
Saturday,18-30,Male,Junior high school,Employee,2-5yr,Unknown,Owner,Unknown,No defect,Other,other,Tangent road with flat terrain,No junction,Asphalt roads,Dry,Daylight,Normal,Rollover,2,1,Going straight,Not a Pedestrian,No distancing,21,1,0,1
Thursday,31-50,Male,Elementary school,Employee,5-10yr,Public (> 45 seats),Owner,Unknown,Unknown,Office areas,Undivided Two way,Tangent road with flat terrain,Y Shape,Asphalt roads,Dry,Daylight,Normal,Vehicle with vehicle collision,2,1,Going straight,Unknown or other,Moving Backward,9,0,1,0
Sunday,18-30,Male,Junior high school,Employee,2-5yr,Automobile,Owner,Unknown,Unknown,Office areas,Two-way (divided with broken lines road marking),Tangent road with flat terrain,Unknown,Asphalt roads,Dry,Daylight,Normal,Collision with roadside objects,2,2,Going straight,Not a Pedestrian,No priority to vehicle,12,0,0,1
Monday,31-50,Male,Elementary school,Employee,1-2yr,Lorry (41?100Q),Owner,1-2yr,No defect,Office areas,Double carriageway (median),Tangent road with flat terrain,Other,Asphalt roads,Dry,Daylight,Normal,Vehicle with vehicle collision,2,1,Going straight,Not a Pedestrian,Changing lane to the left,12,0,0,0
Thursday,18-30,Male,Elementary school,Employee,5-10yr,Automobile,Owner,Unknown,No defect,Recreational areas,One way,Tangent road with flat terrain,No junction,Asphalt roads,Dry,Darkness - lights lit,Normal,Vehicle with vehicle collision,3,3,Going straight,Not a Pedestrian,Changing lane to the right,21,1,0,0
Tuesday,Over 51,Male,Junior high school,Employee,5-10yr,Unknown,Governmental,Unknown,No defect,Other,Two-way (divided with broken lines road marking),Tangent road with mild grade and flat terrain,Y Shape,Gravel roads,Dry,Daylight,Normal,Collision with roadside objects,2,1,Going straight,Not a Pedestrian,Changing lane to the left,16,0,0,0
Sunday,31-50,Male,Junior high school,Employee,1-2yr,Lorry (41?100Q),Owner,Unknown,No defect,Church areas,Two-way (divided with broken lines road marking),Tangent road with flat terrain,Other,Asphalt roads,Wet or damp,Darkness - lights lit,Raining,Collision with pedestrians,2,2,Going straight,Not a Pedestrian,No priority to vehicle,17,0,1,1
Friday,18-30,Male,High school,Owner,5-10yr,Other,Unknown,Unknown,No defect,Other,Two-way (divided with broken lines road marking),Tangent road with flat terrain,Crossing,Asphalt roads,Dry,Daylight,Normal,Vehicle with vehicle collision,2,3,Other,Not a Pedestrian,Other,16,0,0,0
Monday,18-30,Male,High school,Employee,1-2yr,Unknown,Owner,1-2yr,No defect,Residential areas,Two-way (divided with broken lines road marking),Tangent road with flat terrain,No junction,Other,Wet or damp,Darkness - lights lit,Raining and Windy,Collision with pedestrians,2,2,Moving Backward,Not a Pedestrian,Changing lane to the left,3,1,0,0
Saturday,Over 51,Male,Junior high school,Owner,1-2yr,Other,Owner,Unknown,Unknown,Residential areas,Unknown,Tangent road with flat terrain,Y Shape,Asphalt roads,Wet or damp,Daylight,Normal,Vehicle with vehicle collision,2,3,Going straight,Not a Pedestrian,Driving to the left,23,1,0,1
Friday,31-50,Male,High school,Employee,2-5yr,Lorry (41?100Q),Owner,2-5yrs,Unknown,Office areas,Two-way (divided with broken lines road marking),Tangent road with mountainous terrain and,Y Shape,Asphalt roads,Dry,Daylight,Normal,Vehicle with vehicle collision,1,1,Going straight,Not a Pedestrian,Driving carelessly,8,0,1,0
Sunday,Over 51,Male,Junior high school,Employee,Above 10yr,Automobile,Owner,Above 10yr,No defect,Office areas,Two-way (divided with broken lines road marking),Tangent road with flat terrain,Crossing,Asphalt roads,Wet or damp,Darkness - lights lit,Raining and Windy,Vehicle with vehicle collision,2,2,Going straight,Not a Pedestrian,Moving Backward,20,1,0,1
Monday,31-50,Male,Elementary school,Employee,5-10yr,Stationwagen,Owner,Above 10yr,No defect,Office areas,Undivided Two way,Tangent road with flat terrain,Y Shape,Asphalt roads,Dry,Darkness - lights lit,Normal,Vehicle with vehicle collision,1,1,Moving Backward,Not a Pedestrian,Changing lane to the right,16,0,0,0
Monday,Over 51,Male,Elementary school,Employee,1-2yr,Automobile,Owner,Unknown,Unknown,Church areas,Undivided Two way,Tangent road with flat terrain,Crossing,Asphalt roads,Dry,Daylight,Normal,Collision with roadside objects,2,1,Going straight,Not a Pedestrian,Driving carelessly,7,0,1,0
Tuesday,Unknown,Female,Junior high school,Employee,5-10yr,Lorry (41?100Q),Owner,2-5yrs,No defect,Residential areas,Double carriageway (median),Tangent road with flat terrain,Y Shape,Asphalt roads,Dry,Darkness - lights lit,Normal,Vehicle with vehicle collision,1,1,Going straight,Not a Pedestrian,No distancing,23,1,0,0
Wednesday,31-50,Male,Junior high school,Employee,1-2yr,Automobile,Owner,Unknown,No defect,Other,Two-way (divided with broken lines road marking),Tangent road with flat terrain,No junction,Asphalt roads,Dry,Daylight,Normal,Vehicle with vehicle collision,3,1,Stopping,Not a Pedestrian,No priority to vehicle,9,0,1,0
Monday,18-30,Male,Junior high school,Employee,1-2yr,Lorry (41?100Q),Owner,Unknown,No defect,Other,Two-way (divided with broken lines road marking),Tangent road with flat terrain,Crossing,Asphalt roads,Wet or damp,Daylight,Normal,Collision with roadside objects,1,2,Going straight,Not a Pedestrian,No priority to pedestrian,16,0,0,0
Wednesday,31-50,Male,Junior high school,Employee,2-5yr,Stationwagen,Owner,Unknown,No defect,Recreational areas,One way,Tangent road with mild grade and flat terrain,Crossing,Asphalt roads,Wet or damp,Darkness - lights lit,Raining,Rollover,2,3,Other,Not a Pedestrian,Driving carelessly,22,1,0,0
Wednesday,31-50,Male,Junior high school,Employee,1-2yr,Public (> 45 seats),Owner,Unknown,Unknown,Office areas,Two-way (divided with broken lines road marking),Tangent road with flat terrain,Y Shape,Asphalt roads,Dry,Darkness - lights lit,Normal,Vehicle with vehicle collision,2,1,Moving Backward,Not a Pedestrian,Changing lane to the right,7,0,1,0
Monday,18-30,Male,Junior high school,Employee,1-2yr,Automobile,Owner,Unknown,No defect,Recreational areas,One way,Tangent road with mild grade and flat terrain,Y Shape,Asphalt roads,Dry,Daylight,Normal,Vehicle with vehicle collision,1,1,Going straight,Not a Pedestrian,No distancing,15,0,0,0
Sunday,Under 18,Male,Junior high school,Employee,5-10yr,Automobile,Owner,Unknown,No defect,Office areas,Double carriageway (median),Tangent road with flat terrain,Y Shape,Asphalt roads,Dry,Darkness - lights lit,Normal,Vehicle with vehicle collision,2,1,Going straight,Not a Pedestrian,Getting off the vehicle improperly,20,1,0,1
Thursday,Over 51,Male,Junior high school,Employee,Below 1yr,Automobile,Unknown,Unknown,Unknown,Office areas,Unknown,Tangent road with mild grade and flat terrain,Y Shape,Asphalt roads,Wet or damp,Daylight,Other,Vehicle with vehicle collision,2,2,Going straight,Not a Pedestrian,Driving carelessly,8,0,1,0
Thursday,31-50,Male,Elementary school,Employee,2-5yr,Other,Owner,Unknown,Unknown,Office areas,Double carriageway (median),Tangent road with flat terrain,Y Shape,Asphalt roads,Snow,Darkness - lights lit,Other,Vehicle with vehicle collision,2,3,Going straight,Not a Pedestrian,Changing lane to the left,17,0,1,0
Saturday,31-50,Male,Junior high school,Employee,1-2yr,Other,Owner,Unknown,Unknown,Residential areas,Two-way (divided with broken lines road marking),Tangent road with flat terrain,Y Shape,Asphalt roads,Dry,Daylight,Normal,Vehicle with vehicle collision,3,2,Going straight,Not a Pedestrian,Driving at high speed,20,1,0,1
Tuesday,18-30,Male,Junior high school,Employee,Below 1yr,Automobile,Owner,Unknown,No defect,Office areas,Two-way (divided with broken lines road marking),Tangent road with mild grade and flat terrain,Unknown,Asphalt roads,Dry,Daylight,Normal,Rollover,2,1,Going straight,Crossing from nearside - masked by parked or statioNot a Pedestrianry vehicle,No distancing,7,0,1,0
Sunday,31-50,Male,Junior high school,Employee,5-10yr,Taxi,Owner,Unknown,Unknown,Church areas,Two-way (divided with broken lines road marking),Tangent road with flat terrain,Y Shape,Asphalt roads,Dry,Daylight,Normal,Collision with pedestrians,1,1,Going straight,Not a Pedestrian,Driving to the left,18,0,1,1
Sunday,31-50,Male,Junior high school,Owner,5-10yr,Lorry (11?40Q),Owner,Unknown,No defect,Other,One way,Tangent road with flat terrain,Crossing,Asphalt roads,Wet or damp,Daylight,Normal,Rollover,3,4,Going straight,Not a Pedestrian,No priority to vehicle,11,0,0,1
Saturday,31-50,Male,Junior high school,Employee,5-10yr,Other,Owner,Unknown,No defect,Other,Undivided Two way,Tangent road with flat terrain,No junction,Asphalt roads,Dry,Daylight,Normal,Vehicle with vehicle collision,2,1,Going straight,"Walking along in carriageway, back to traffic",Other,13,0,0,1
Wednesday,31-50,Male,Junior high school,Other,Below 1yr,Lorry (11?40Q),Owner,Unknown,Unknown,Residential areas,Two-way (divided with broken lines road marking),Tangent road with flat terrain,Unknown,Asphalt roads,Wet or damp,Daylight,Raining,Vehicle with vehicle collision,2,4,Getting off,Not a Pedestrian,No priority to vehicle,8,0,1,0
Saturday,18-30,Male,Junior high school,Employee,2-5yr,Automobile,Owner,Unknown,No defect,Other,Two-way (divided with broken lines road marking),Tangent road with flat terrain,Crossing,Asphalt roads,Wet or damp,Darkness - lights lit,Normal,Vehicle with vehicle collision,2,1,Moving Backward,Not a Pedestrian,Changing lane to the right,19,0,1,1
Saturday,31-50,Male,Junior high school,Employee,Above 10yr,Automobile,Unknown,Unknown,Unknown,Office areas,Unknown,Tangent road with mild grade and flat terrain,Y Shape,Asphalt roads,Dry,Daylight,Normal,Vehicle with vehicle collision,1,1,Moving Backward,Not a Pedestrian,No priority to vehicle,13,0,0,1
Friday,Under 18,Male,Above high school,Owner,2-5yr,Other,Owner,2-5yrs,No defect,Office areas,Two-way (divided with broken lines road marking),Tangent road with flat terrain,Crossing,Asphalt roads,Wet or damp,Darkness - lights lit,Raining,Vehicle with vehicle collision,2,1,Other,Not a Pedestrian,No priority to vehicle,23,1,0,0
Monday,18-30,Male,Junior high school,Employee,Above 10yr,Automobile,Owner,Unknown,No defect,School areas,Undivided Two way,Tangent road with flat terrain,Y Shape,Asphalt roads,Dry,Daylight,Normal,Vehicle with vehicle collision,3,1,Going straight,Not a Pedestrian,Changing lane to the left,12,0,0,0
Tuesday,31-50,Male,Junior high school,Employee,1-2yr,Lorry (41?100Q),Owner,Unknown,No defect,Office areas,One way,Tangent road with flat terrain,Y Shape,Asphalt roads,Dry,Daylight,Normal,Vehicle with vehicle collision,3,1,Moving Backward,Not a Pedestrian,Changing lane to the left,15,0,0,0
Thursday,Under 18,Male,Above high school,Employee,No Licence,Special vehicle,Owner,Unknown,No defect,Residential areas,Two-way (divided with broken lines road marking),Tangent road with flat terrain,No junction,Asphalt roads,Dry,Daylight,Normal,Vehicle with vehicle collision,3,4,Reversing,Not a Pedestrian,Changing lane to the right,19,0,1,0
Wednesday,Over 51,Female,Junior high school,Employee,5-10yr,Other,Owner,2-5yrs,No defect,Residential areas,Two-way (divided with broken lines road marking),Tangent road with flat terrain,Y Shape,Asphalt roads,Dry,Daylight,Normal,Collision with pedestrians,3,1,Going straight,Not a Pedestrian,Changing lane to the left,11,0,0,0
Saturday,18-30,Male,Junior high school,Owner,1-2yr,Stationwagen,Owner,Unknown,No defect,Office areas,other,Tangent road with mountainous terrain and,Y Shape,Asphalt roads,Wet or damp,Darkness - lights lit,Normal,Vehicle with vehicle collision,2,5,Going straight,Not a Pedestrian,No priority to vehicle,17,0,1,1
Friday,31-50,Male,Unknown,Owner,Below 1yr,Automobile,Owner,Above 10yr,No defect,Residential areas,other,Tangent road with flat terrain,No junction,Asphalt roads,Dry,Daylight,Normal,Collision with pedestrians,2,1,Going straight,Not a Pedestrian,No priority to vehicle,9,0,1,0