Day_of_week,Age_band_of_driver,Sex_of_driver,Educational_level,Vehicle_driver_relation,Driving_experience,Type_of_vehicle,Owner_of_vehicle,Service_year_of_vehicle,Defect_of_vehicle,Area_accident_occured,Lanes_or_Medians,Road_allignment,Types_of_Junction,Road_surface_type,Road_surface_conditions,Light_conditions,Weather_conditions,Type_of_collision,Number_of_vehicles_involved,Number_of_casualties,Vehicle_movement,Pedestrian_movement,Cause_of_accident,Hour_of_day,Is_night,Is_rush_hour,Is_weekend
Monday,18-30,Male,Junior high school,Employee,2-5yr,Automobile,Owner,Unknown,No defect,Office areas,Two-way (divided with broken lines road marking),Tangent road with mild grade and flat terrain,Y Shape,Asphalt roads,Wet or damp,Darkness - lights lit,Other,Collision with roadside objects,2,1,Going straight,Not a Pedestrian,Changing lane to the left,17,0,1,0
Friday,Unknown,Male,Junior high school,Owner,1-2yr,Public (> 45 seats),Owner,Unknown,No defect,Office areas,Two-way (divided with broken lines road marking),Tangent road with flat terrain,Y Shape,Asphalt roads,Dry,Daylight,Normal,Vehicle with vehicle collision,1,1,Going straight,Not a Pedestrian,Changing lane to the left,17,0,1,0
Sunday,18-30,Male,High school,Employee,5-10yr,Public (12 seats),Organization,2-5yrs,Unknown,Industrial areas,Two-way (divided with broken lines road marking),Tangent road with flat terrain,No junction,Asphalt roads,Dry,Darkness - lights lit,Normal,Vehicle with vehicle collision,2,1,Other,Not a Pedestrian,No distancing,21,1,0,1
Saturday,18-30,Male,Junior high school,Employee,1-2yr,Stationwagen,Owner,Unknown,Unknown,Church areas,Two-way (divided with broken lines road marking),Tangent road with flat terrain,No junction,Earth roads,Dry,Daylight,Normal,Rollover,2,2,Moving Backward,Not a Pedestrian,No priority to pedestrian,18,0,1,1
Saturday,18-30,Male,Junior high school,Employee,2-5yr,Lorry (41?100Q),Owner,Unknown,No defect,Outside rural areas,Undivided Two way,Tangent road with flat terrain,No junction,Asphalt roads,Dry,Daylight,Normal,Vehicle with vehicle collision,1,1,Going straight,Not a Pedestrian,Changing lane to the left,19,0,1,1
Friday,Over 51,Male,Above high school,Employee,Above 10yr,Automobile,Owner,Above 10yr,No defect,Other,Two-way (divided with broken lines road marking),Tangent road with flat terrain,No junction,Asphalt roads,Dry,Daylight,Normal,Vehicle with vehicle collision,2,1,Going straight,Not a Pedestrian,Driving carelessly,9,0,1,0
Saturday,Unknown,Female,Junior high school,Employee,5-10yr,Automobile,Owner,Above 10yr,No defect,Other,Undivided Two way,Tangent road with flat terrain,Y Shape,Asphalt roads,Wet or damp,Daylight,Normal,Vehicle with vehicle collision,2,2,Going straight,Crossing from nearside - masked by parked or statioNot a Pedestrianry vehicle,No priority to vehicle,15,0,0,1
Tuesday,18-30,Male,Junior high school,Employee,Above 10yr,Lorry (11?40Q),Owner,Unknown,No defect,Residential areas,Two-way (divided with broken lines road marking),Tangent road with flat terrain,Y Shape,Asphalt roads,Dry,Daylight,Normal,Vehicle with vehicle collision,2,2,Going straight,Not a Pedestrian,Moving Backward,12,0,0,0
Tuesday,31-50,Male,Junior high school,Employee,2-5yr,Public (13?45 seats),Owner,Unknown,Unknown,Office areas,Two-way (divided with broken lines road marking),Tangent road with flat terrain,No junction,Asphalt roads,Dry,Daylight,Normal,Vehicle with vehicle collision,1,1,Going straight,Not a Pedestrian,No priority to pedestrian,15,0,0,0
Sunday,18-30,Unknown,Junior high school,Employee,2-5yr,Automobile,Owner,2-5yrs,Unknown,Residential areas,Two-way (divided with broken lines road marking),Tangent road with flat terrain,No junction,Asphalt roads,Dry,Darkness - lights lit,Normal,Collision with pedestrians,2,1,Going straight,Not a Pedestrian,Driving carelessly,20,1,0,1
Friday,31-50,Unknown,Junior high school,Employee,Below 1yr,Public (12 seats),Owner,Unknown,Unknown,Office areas,Two-way (divided with broken lines road marking),Tangent road with flat terrain,Y Shape,Asphalt roads,Dry,Darkness - lights lit,Normal,Vehicle with vehicle collision,2,1,Going straight,Not a Pedestrian,No distancing,20,1,0,0
Monday,Under 18,Male,Junior high school,Employee,2-5yr,Automobile,Owner,Above 10yr,Unknown,Church areas,Two-way (divided with broken lines road marking),Steep grade downward with mountainous terrain,No junction,Asphalt roads,Wet or damp,Darkness - lights lit,Raining,Vehicle with vehicle collision,2,1,Other,Not a Pedestrian,No distancing,1,1,0,0
Wednesday,18-30,Male,Unknown,Unknown,Unknown,Public (13?45 seats),Owner,5-10yrs,Unknown,Office areas,Undivided Two way,Tangent road with flat terrain,Y Shape,Asphalt roads,Wet or damp,Darkness - lights lit,Normal,Vehicle with vehicle collision,2,1,Going straight,Not a Pedestrian,Changing lane to the right,18,0,1,0
Friday,Under 18,Male,Junior high school,Owner,1-2yr,Lorry (11?40Q),Owner,5-10yrs,Unknown,Office areas,Unknown,Tangent road with flat terrain,Unknown,Asphalt roads,Dry,Daylight,Normal,Vehicle with vehicle collision,3,3,Going straight,Not a Pedestrian,Overtaking,9,0,1,0
Wednesday,18-30,Male,High school,Employee,5-10yr,Long lorry,Owner,Unknown,No defect,Hospital areas,One way,Tangent road with flat terrain,Y Shape,Asphalt roads,Dry,Daylight,Normal,Vehicle with vehicle collision,2,1,Going straight,Not a Pedestrian,Driving carelessly,10,0,0,0
Wednesday,18-30,Male,Junior high school,Employee,Below 1yr,Automobile,Owner,Unknown,No defect,Recreational areas,Two-way (divided with broken lines road marking),Tangent road with flat terrain,T Shape,Asphalt roads,Dry,Daylight,Normal,Vehicle with vehicle collision,2,2,Going straight,Unknown or other,Moving Backward,13,0,0,0
Wednesday,31-50,Male,Junior high school,Employee,Above 10yr,Automobile,Owner,Unknown,No defect,Other,Two-way (divided with broken lines road marking),Tangent road with flat terrain,No junction,Asphalt roads,Dry,Daylight,Normal,Vehicle with vehicle collision,2,1,Other,Not a Pedestrian,Driving carelessly,13,0,0,0
Saturday,18-30,Male,Junior high school,Employee,Above 10yr,Automobile,Owner,Unknown,No defect,Church areas,Two-way (divided with broken lines road marking),Tangent road with flat terrain,Other,Asphalt roads,Wet or damp,Daylight,Other,Other,2,1,Going straight,Not a Pedestrian,No priority to vehicle,14,0,0,1
Thursday,31-50,Male,Elementary school,Other,5-10yr,Lorry (41?100Q),Owner,Unknown,Unknown,Unknown,Unknown,Tangent road with flat terrain,No junction,Asphalt roads,Wet or damp,Darkness - lights lit,Raining,Vehicle with vehicle collision,1,2,Other,Not a Pedestrian,Driving carelessly,21,1,0,0
Friday,18-30,Male,Unknown,Unknown,Unknown,Taxi,Owner,Unknown,No defect,Outside rural areas,Undivided Two way,Tangent road with mountainous terrain and,Crossing,Asphalt roads,Dry,Daylight,Normal,Vehicle with vehicle collision,2,1,Going straight,Not a Pedestrian,Driving carelessly,12,0,0,0
Sunday,18-30,Male,Junior high school,Employee,1-2yr,Automobile,Owner,2-5yrs,No defect,Church areas,Undivided Two way,Tangent road with flat terrain,No junction,Asphalt roads,Dry,Darkness - lights lit,Normal,Vehicle with vehicle collision,1,3,Going straight,Not a Pedestrian,Driving to the left,0,1,0,1
Tuesday,18-30,Male,Elementary school,Owner,5-10yr,Stationwagen,Owner,Unknown,No defect,Office areas,Undivided Two way,Tangent road with flat terrain,Unknown,Asphalt roads,Dry,Daylight,Normal,Vehicle with vehicle collision,1,2,Going straight,Not a Pedestrian,Changing lane to the left,13,0,0,0
Wednesday,31-50,Male,Elementary school,Employee,1-2yr,Stationwagen,Owner,Unknown,No defect,Other,Two-way (divided with broken lines road marking),Tangent road with flat terrain,Y Shape,Asphalt roads,Dry,Daylight,Normal,Vehicle with vehicle collision,2,1,Moving Backward,Not a Pedestrian,Driving carelessly,19,0,1,0
Wednesday,31-50,Male,Junior high school,Owner,Above 10yr,Lorry (41?100Q),Owner,5-10yrs,No defect,Residential areas,One way,Tangent road with flat terrain,Y Shape,Asphalt roads,Dry,Daylight,Normal,Vehicle with vehicle collision,2,1,Going straight,Not a Pedestrian,Changing lane to the right,15,0,0,0
Sunday,Over 51,Male,High school,Owner,2-5yr,Public (13?45 seats),Owner,Above 10yr,No defect,School areas,other,Tangent road with flat terrain,Y Shape,Asphalt roads,Dry,Daylight,Normal,Vehicle with vehicle collision,2,1,Going straight,Not a Pedestrian,No distancing,18,0,1,1
Monday,31-50,Male,Junior high school,Employee,2-5yr,Pick up upto 10Q,Owner,1-2yr,No defect,Industrial areas,One way,Tangent road with flat terrain,Y Shape,Asphalt roads,Dry,Daylight,Normal,Collision with pedestrians,1,2,Other,Not a Pedestrian,Moving Backward,9,0,1,0
Thursday,Under 18,Male,Junior high school,Employee,2-5yr,Lorry (41?100Q),Organization,5-10yrs,No defect,Church areas,Two-way (divided with broken lines road marking),Tangent road with flat terrain,No junction,Asphalt roads,Dry,Daylight,Normal,Vehicle with vehicle collision,1,2,Going straight,Not a Pedestrian,Overtaking,8,0,1,0
Monday,Unknown,Male,Junior high school,Employee,5-10yr,Taxi,Owner,1-2yr,No defect,Office areas,Undivided Two way,Tangent road with flat terrain,No junction,Asphalt roads,Dry,Daylight,Unknown,Vehicle with vehicle collision,1,1,Going straight,Not a Pedestrian,No priority to pedestrian,16,0,0,0
Monday,18-30,Male,Junior high school,Employee,Above 10yr,Automobile,Governmental,2-5yrs,Unknown,Recreational areas,Two-way (divided with broken lines road marking),Tangent road with flat terrain,No junction,Asphalt roads,Wet or damp,Daylight,Normal,Vehicle with vehicle collision,2,1,Other,Not a Pedestrian,Getting off the vehicle improperly,7,0,1,0
Thursday,18-30,Male,Junior high school,Employee,5-10yr,Automobile,Owner,Unknown,No defect,Recreational areas,Undivided Two way,Tangent road with flat terrain,No junction,Asphalt roads,Dry,Daylight,Normal,Vehicle with vehicle collision,3,4,Going straight,Not a Pedestrian,No priority to vehicle,17,0,1,0
Saturday,18-30,Male,Junior high school,Employee,Above 10yr,Lorry (41?100Q),Owner,Unknown,No defect,Other,One way,Tangent road with flat terrain,Y Shape,Asphalt roads,Dry,Daylight,Normal,Collision with roadside objects,2,2,Going straight,Not a Pedestrian,Driving carelessly,15,0,0,1
Thursday,18-30,Male,Junior high school,Employee,5-10yr,Automobile,Unknown,Unknown,Unknown,Office areas,other,Tangent road with flat terrain,No junction,Asphalt roads,Dry,Daylight,Normal,Collision with roadside objects,3,1,Turnover,Not a Pedestrian,No priority to pedestrian,16,0,0,0
Tuesday,Over 51,Male,Elementary school,Employee,1-2yr,Public (12 seats),Owner,Unknown,7,Office areas,other,Tangent road with flat terrain,No junction,Asphalt roads,Dry,Daylight,Normal,Vehicle with vehicle collision,2,2,Going straight,Not a Pedestrian,No distancing,20,1,0,0
Friday,Under 18,Male,Junior high school,Employee,5-10yr,Automobile,Owner,Unknown,No defect,Outside rural areas,Undivided Two way,Tangent road with mountainous terrain and,Y Shape,Asphalt roads,Dry,Daylight,Normal,Vehicle with vehicle collision,2,1,Going straight,Crossing from nearside - masked by parked or statioNot a Pedestrianry vehicle,Moving Backward,8,0,1,0
Sunday,18-30,Male,Junior high school,Employee,Above 10yr,Public (13?45 seats),Owner,Unknown,Unknown,Office areas,One way,Tangent road with flat terrain,Y Shape,Asphalt roads,Dry,Daylight,Normal,Collision with pedestrians,1,4,Going straight,Not a Pedestrian,Moving Backward,4,1,0,1
Monday,Under 18,Male,Elementary school,Employee,2-5yr,Lorry (41?100Q),Owner,2-5yrs,Unknown,Other,Two-way (divided with broken lines road marking),Tangent road with flat terrain,Y Shape,Asphalt roads,Dry,Daylight,Normal,Vehicle with vehicle collision,2,2,Unknown,Not a Pedestrian,Moving Backward,16,0,0,0
Tuesday,18-30,Male,High school,Employee,1-2yr,Taxi,Owner,5-10yrs,No defect,Other,Double carriageway (median),Tangent road with flat terrain,No junction,Asphalt roads,Dry,Daylight,Normal,Collision with roadside objects,1,1,Going straight,Not a Pedestrian,Driving carelessly,8,0,1,0
Tuesday,18-30,Male,Junior high school,Employee,Above 10yr,Other,Owner,Unknown,No defect,Residential areas,Undivided Two way,Tangent road with flat terrain,Y Shape,Unknown,Dry,Daylight,Normal,Fall from vehicles,2,1,Turnover,Not a Pedestrian,No priority to pedestrian,17,0,1,0
Tuesday,18-30,Male,Junior high school,Owner,2-5yr,Lorry (41?100Q),Owner,Above 10yr,Unknown,Residential areas,other,Tangent road with flat terrain,Y Shape,Asphalt roads,Dry,Daylight,Normal,Vehicle with vehicle collision,1,1,Moving Backward,Not a Pedestrian,No distancing,11,0,0,0
Thursday,31-50,Male,Junior high school,Employee,5-10yr,Lorry (41?100Q),Owner,Above 10yr,No defect,Residential areas,other,Tangent road with flat terrain,Crossing,Asphalt roads,Dry,Daylight,Normal,Collision with roadside objects,4,2,Getting off,Not a Pedestrian,No priority to vehicle,20,1,0,0
Sunday,18-30,Male,Junior high school,Employee,2-5yr,Lorry (41?100Q),Owner,Unknown,No defect,Other,Undivided Two way,Tangent road with flat terrain,No junction,Asphalt roads,Dry,Daylight,Normal,Vehicle with vehicle collision,2,1,Reversing,Not a Pedestrian,No distancing,9,0,1,1
Sunday,Over 51,Male,Junior high school,Employee,2-5yr,Automobile,Owner,Above 10yr,Unknown,Residential areas,One way,Tangent road with flat terrain,No junction,Asphalt roads,Dry,Daylight,Normal,Collision with roadside objects,2,3,Moving Backward,Not a Pedestrian,Moving Backward,15,0,0,1
Saturday,18-30,Female,Junior high school,Employee,5-10yr,Public (> 45 seats),Owner,Above 10yr,No defect,Residential areas,Undivided Two way,Tangent road with flat terrain,O Shape,Asphalt roads,Wet or damp,Darkness - lights lit,Normal,Collision with roadside objects,2,1,Going straight,Not a Pedestrian,No distancing,19,0,1,1
Sunday,31-50,Male,Above high school,Owner,1-2yr,Pick up upto 10Q,Owner,Above 10yr,Unknown,Residential areas,other,Tangent road with flat terrain,Crossing,Asphalt roads,Dry,Daylight,Normal,Collision with roadside objects,2,1,Getting off,Not a Pedestrian,Changing lane to the right,13,0,0,1
Friday,18-30,Male,Junior high school,Employee,Above 10yr,Automobile,Owner,Unknown,Unknown,Office areas,Undivided Two way,Tangent road with flat terrain,Crossing,Gravel roads,Dry,Darkness - lights lit,Normal,Vehicle with vehicle collision,2,4,Going straight,Not a Pedestrian,Changing lane to the right,19,0,1,0
Sunday,18-30,Male,Junior high school,Employee,5-10yr,Lorry (11?40Q),Governmental,Below 1yr,No defect,Residential areas,Two-way (divided with broken lines road marking),Tangent road with flat terrain,Other,Asphalt roads,Dry,Daylight,Normal,Vehicle with vehicle collision,2,1,Other,Not a Pedestrian,No priority to vehicle,17,0,1,1
Thursday,31-50,Male,Junior high school,Employee,Below 1yr,Stationwagen,Governmental,Unknown,No defect,Industrial areas,Undivided Two way,Tangent road with flat terrain,No junction,Other,Wet or damp,Darkness - lights lit,Normal,Collision with pedestrians,2,1,Turnover,Not a Pedestrian,Moving Backward,20,1,0,0
Tuesday,31-50,Male,High school,Employee,Above 10yr,Public (> 45 seats),Organization,Unknown,No defect,Other,Double carriageway (median),Tangent road with flat terrain,Y Shape,Asphalt roads,Dry,Daylight,Normal,Collision with roadside objects,2,1,Going straight,Not a Pedestrian,No distancing,11,0,0,0
Monday,31-50,Male,Junior high school,Employee,2-5yr,Automobile,Owner,Above 10yr,Unknown,Market areas,other,Steep grade downward with mountainous terrain,Unknown,Asphalt roads,Dry,Darkness - lights lit,Normal,Collision with pedestrians,2,2,Going straight,Unknown or other,No priority to vehicle,19,0,1,0
Tuesday,18-30,Male,Elementary school,Employee,Above 10yr,Lorry (41?100Q),Owner,2-5yrs,No defect,Industrial areas,Two-way (divided with broken lines road marking),Tangent road with flat terrain,Crossing,Asphalt roads,Dry,Darkness - lights lit,Normal,Vehicle with vehicle collision,2,1,Unknown,Not a Pedestrian,No distancing,22,1,0,0
Monday,18-30,Male,Junior high school,Employee,5-10yr,Public (12 seats),Owner,Unknown,Unknown,Residential areas,Unknown,Tangent road with flat terrain,Y Shape,Asphalt roads,Wet or damp,Darkness - lights lit,Normal,Vehicle with vehicle collision,2,2,Moving Backward,Not a Pedestrian,Driving carelessly,17,0,1,0
Wednesday,31-50,Male,Junior high school,Employee,5-10yr,Stationwagen,Owner,5-10yrs,Unknown,Office areas,Two-way (divided with broken lines road marking),Tangent road with mild grade and flat terrain,Crossing,Asphalt roads,Dry,Darkness - lights lit,Normal,Vehicle with vehicle collision,2,3,Going straight,Not a Pedestrian,No priority to pedestrian,21,1,0,0
Friday,31-50,Male,Junior high school,Employee,1-2yr,Lorry (41?100Q),Owner,Unknown,No defect,Office areas,Two-way (divided with broken lines road marking),Tangent road with flat terrain,Other,Asphalt roads,Dry,Daylight,Normal,Vehicle with vehicle collision,2,2,Going straight,Not a Pedestrian,Driving carelessly,15,0,0,0
Friday,31-50,Male,Elementary school,Employee,Above 10yr,Stationwagen,Owner,Unknown,Unknown,Other,One way,Tangent road with flat terrain,Y Shape,Asphalt roads,Dry,Daylight,Normal,Vehicle with vehicle collision,2,1,Going straight,Not a Pedestrian,Driving carelessly,13,0,0,0
Wednesday,31-50,Male,Junior high school,Employee,5-10yr,Lorry (41?100Q),Owner,2-5yrs,No defect,Office areas,Two-way (divided with broken lines road marking),Tangent road with flat terrain,Y Shape,Asphalt roads,Dry,Darkness - lights lit,Normal,Vehicle with vehicle collision,2,1,Going straight,Crossing from offside - masked by  parked or statioNot a Pedestrianry vehicle,Changing lane to the right,17,0,1,0
Wednesday,31-50,Male,High school,Employee,Above 10yr,Automobile,Organization,5-10yrs,No defect,Office areas,Two-way (divided with broken lines road marking),Gentle horizontal curve,Crossing,Asphalt roads,Wet or damp,Daylight,Raining,Vehicle with vehicle collision,2,1,Going straight,Not a Pedestrian,Driving to the left,7,0,1,0
Monday,Over 51,Female,Junior high school,Employee,2-5yr,Long lorry,Owner,Unknown,No defect,Office areas,Undivided Two way,Tangent road with flat terrain,Unknown,Asphalt roads,Dry,Daylight,Normal,Vehicle with vehicle collision,2,1,Moving Backward,Not a Pedestrian,No distancing,13,0,0,0
Thursday,18-30,Male,Junior high school,Owner,Below 1yr,Stationwagen,Owner,Below 1yr,Unknown,Other,other,Steep grade downward with mountainous terrain,No junction,Asphalt roads,Dry,Darkness - no lighting,Normal,Collision with pedestrians,1,2,Going straight,Not a Pedestrian,Changing lane to the left,22,1,0,0
Friday,31-50,Male,Junior high school,Employee,2-5yr,Pick up upto 10Q,Owner,2-5yrs,Unknown,Other,Two-way (divided with broken lines road marking),Tangent road with flat terrain,Unknown,Earth roads,Wet or damp,Daylight,Normal,Vehicle with vehicle collision,2,1,Reversing,Not a Pedestrian,No distancing,17,0,1,0
Tuesday,31-50,Male,Unknown,Unknown,Unknown,Pick up upto 10Q,Owner,Unknown,No defect,Residential areas,Undivided Two way,Tangent road with flat terrain,Y Shape,Asphalt roads,Wet or damp,Darkness - lights lit,Normal,Rollover,1,2,Reversing,Not a Pedestrian,Driving at high speed,20,1,0,0
Tuesday,Unknown,Male,Junior high school,Employee,2-5yr,Other,Owner,Unknown,No defect,Industrial areas,Two-way (divided with broken lines road marking),Tangent road with flat terrain,Crossing,Asphalt roads,Dry,Daylight,Normal,Vehicle with vehicle collision,2,1,Unknown,Not a Pedestrian,Driving carelessly,12,0,0,0
Friday,31-50,Male,Junior high school,Employee,Above 10yr,Other,Owner,Unknown,No defect,Other,Two-way (divided with broken lines road marking),Tangent road with flat terrain,No junction,Asphalt roads,Wet or damp,Daylight,Raining,Vehicle with vehicle collision,2,1,Going straight,Not a Pedestrian,Moving Backward,5,1,0,0
Tuesday,31-50,Male,Junior high school,Employee,5-10yr,Automobile,Governmental,Below 1yr,No defect,Other,Two-way (divided with broken lines road marking),Tangent road with flat terrain,Y Shape,Asphalt roads,Wet or damp,Darkness - lights lit,Raining,Vehicle with vehicle collision,2,1,Going straight,Crossing from offside - masked by  parked or statioNot a Pedestrianry vehicle,No priority to pedestrian,15,0,0,0
Wednesday,18-30,Male,Junior high school,Employee,2-5yr,Other,Governmental,2-5yrs,Unknown,Other,Two-way (divided with broken lines road marking),Tangent road with flat terrain,Crossing,Asphalt roads,Dry,Daylight,Normal,Vehicle with vehicle collision,2,1,Moving Backward,Not a Pedestrian,Moving Backward,11,0,0,0
Thursday,31-50,Male,Junior high school,Owner,2-5yr,Pick up upto 10Q,Owner,1-2yr,No defect,Rural village areas,Undivided Two way,Gentle horizontal curve,Unknown,Asphalt roads,Wet or damp,Darkness - lights lit,Raining,Vehicle with vehicle collision,2,1,Going straight,Crossing from driver's nearside,Driving carelessly,7,0,1,0
Tuesday,Under 18,Male,Junior high school,Employee,1-2yr,Other,Owner,Unknown,Unknown,Residential areas,Two-way (divided with broken lines road marking),Tangent road with flat terrain,Y Shape,Gravel roads,Wet or damp,Daylight,Normal,Vehicle with vehicle collision,1,1,Other,Crossing from nearside - masked by parked or statioNot a Pedestrianry vehicle,No distancing,16,0,0,0
Thursday,18-30,Male,Elementary school,Employee,5-10yr,Public (13?45 seats),Owner,Unknown,Unknown,Office areas,One way,Tangent road with flat terrain,Crossing,Asphalt roads,Dry,Daylight,Normal,Vehicle with vehicle collision,2,1,Going straight,Not a Pedestrian,Moving Backward,7,0,1,0
Friday,31-50,Male,Junior high school,Owner,2-5yr,Automobile,Organization,Unknown,Unknown,Other,other,Tangent road with flat terrain,Y Shape,Asphalt roads,Dry,Darkness - lights lit,Normal,Vehicle with vehicle collision,2,4,Going straight,Not a Pedestrian,No distancing,21,1,0,0
Sunday,18-30,Male,Junior high school,Employee,5-10yr,Public (> 45 seats),Unknown,Unknown,Unknown,Other,Two-way (divided with broken lines road marking),Tangent road with flat terrain,No junction,Asphalt roads,Dry,Darkness - lights lit,Normal,Collision with roadside objects,1,1,Going straight,Not a Pedestrian,Getting off the vehicle improperly,18,0,1,1
Wednesday,31-50,Male,Junior high school,Employee,5-10yr,Stationwagen,Owner,Above 10yr,Unknown,Other,Undivided Two way,Tangent road with flat terrain,Unknown,Asphalt roads,Wet or damp,Daylight,Raining,Vehicle with vehicle collision,1,1,Moving Backward,Not a Pedestrian,No distancing,17,0,1,0
Monday,31-50,Male,Junior high school,Owner,5-10yr,Unknown,Owner,Unknown,Unknown,Residential areas,Two-way (divided with broken lines road marking),Tangent road with flat terrain,Crossing,Asphalt roads,Dry,Daylight,Normal,Vehicle with vehicle collision,2,2,Going straight,Not a Pedestrian,Moving Backward,16,0,0,0
Saturday,31-50,Male,Elementary school,Employee,5-10yr,Public (12 seats),Owner,Unknown,No defect,Recreational areas,One way,Tangent road with flat terrain,Y Shape,Asphalt roads,Dry,Darkness - lights lit,Normal,Unknown,2,1,Reversing,Crossing from nearside - masked by parked or statioNot a Pedestrianry vehicle,No priority to pedestrian,16,0,0,1
Friday,Unknown,Male,Junior high school,Employee,5-10yr,Stationwagen,Owner,2-5yrs,No defect,Office areas,Two-way (divided with broken lines road marking),Tangent road with mild grade and flat terrain,Unknown,Asphalt roads,Wet or damp,Darkness - lights lit,Raining,Vehicle with vehicle collision,2,1,Going straight,Not a Pedestrian,No distancing,17,0,1,0
Wednesday,Over 51,Male,Junior high school,Unknown,1-2yr,Public (13?45 seats),Owner,Unknown,No defect,Other,Two-way (divided with broken lines road marking),Tangent road with flat terrain,O Shape,Asphalt roads,Dry,Daylight,Normal,Vehicle with vehicle collision,2,2,Going straight,Not a Pedestrian,Changing lane to the left,13,0,0,0
Sunday,Over 51,Male,Elementary school,Employee,5-10yr,Public (12 seats),Owner,1-2yr,No defect,Other,other,Tangent road with flat terrain,No junction,Asphalt roads,Dry,Darkness - lights lit,Raining and Windy,Vehicle with vehicle collision,1,1,Going straight,Not a Pedestrian,Driving carelessly,20,1,0,1
Wednesday,18-30,Male,Junior high school,Employee,Below 1yr,Stationwagen,Owner,1-2yr,No defect,Industrial areas,One way,Tangent road with flat terrain,Y Shape,Asphalt roads,Dry,Daylight,Normal,Collision with roadside-parked vehicles,1,1,Going straight,Not a Pedestrian,No distancing,15,0,0,0
Thursday,Over 51,Male,Junior high school,Employee,5-10yr,Automobile,Owner,Unknown,No defect,Office areas,Unknown,Steep grade downward with mountainous terrain,Other,Asphalt roads,Dry,Daylight,Normal,Vehicle with vehicle collision,2,1,Going straight,Not a Pedestrian,Changing lane to the left,7,0,1,0
Saturday,Over 51,Male,Junior high school,Employee,1-2yr,Pick up upto 10Q,Governmental,Unknown,Unknown,Residential areas,Two-way (divided with broken lines road marking),Tangent road with flat terrain,Crossing,Asphalt roads,Wet or damp,Daylight,Other,Collision with roadside objects,2,2,Other,Not a Pedestrian,Other,16,0,0,1
Monday,18-30,Male,Elementary school,Employee,2-5yr,Pick up upto 10Q,Governmental,Unknown,No defect,Market areas,Undivided Two way,Tangent road with flat terrain,Y Shape,Asphalt roads,Wet or damp,Daylight,Normal,Vehicle with vehicle collision,2,1,Going straight,Not a Pedestrian,Driving to the left,11,0,0,0
Wednesday,31-50,Male,Junior high school,Employee,1-2yr,Automobile,Owner,2-5yrs,No defect,Office areas,Double carriageway (median),Tangent road with flat terrain,No junction,Asphalt roads,Dry,Daylight,Normal,Vehicle with vehicle collision,1,1,Going straight,Not a Pedestrian,Changing lane to the right,15,0,0,0
Monday,31-50,Male,Unknown,Employee,5-10yr,Unknown,Governmental,Unknown,No defect,Other,Two-way (divided with broken lines road marking),Steep grade downward with mountainous terrain,No junction,Asphalt roads,Dry,Daylight,Normal,Vehicle with vehicle collision,1,1,Going straight,Crossing from nearside - masked by parked or statioNot a Pedestrianry vehicle,Changing lane to the right,15,0,0,0
Monday,31-50,Male,Junior high school,Employee,5-10yr,Lorry (41?100Q),Unknown,2-5yrs,Unknown,Hospital areas,One way,Unknown,No junction,Asphalt roads,Dry,Daylight,Normal,Collision with roadside objects,4,1,Going straight,Crossing from driver's nearside,Changing lane to the right,15,0,0,0
Thursday,31-50,Male,Above high school,Employee,Above 10yr,Lorry (41?100Q),Owner,2-5yrs,Unknown,Church areas,Two-way (divided with broken lines road marking),Tangent road with flat terrain,Crossing,Other,Dry,Darkness - lights lit,Normal,Vehicle with vehicle collision,2,1,Going straight,Not a Pedestrian,Driving carelessly,19,0,1,0
Thursday,18-30,Male,Junior high school,Employee,1-2yr,Public (> 45 seats),Governmental,Unknown,No defect,Residential areas,other,Tangent road with flat terrain,Crossing,Asphalt roads,Dry,Daylight,Normal,Vehicle with vehicle collision,1,1,Moving Backward,Not a Pedestrian,Changing lane to the left,8,0,1,0
Tuesday,31-50,Male,Junior high school,Employee,2-5yr,Public (> 45 seats),Governmental,Unknown,Unknown,Residential areas,Two-way (divided with broken lines road marking),Tangent road with flat terrain,No junction,Asphalt roads,Dry,Daylight,Normal,Vehicle with vehicle collision,4,1,Going straight,Not a Pedestrian,Driving at high speed,14,0,0,0
Thursday,Unknown,Male,Unknown,Employee,Unknown,Other,Owner,2-5yrs,No defect,Office areas,Double carriageway (median),Escarpments,Other,Asphalt roads,Dry,Daylight,Normal,Vehicle with vehicle collision,2,1,Going straight,Not a Pedestrian,No priority to vehicle,16,0,0,0
Friday,18-30,Male,Elementary school,Owner,2-5yr,Other,Owner,Unknown,Unknown,Other,Undivided Two way,Tangent road with flat terrain,No junction,Asphalt roads,Wet or damp,Daylight,Raining,Collision with pedestrians,2,3,Going straight,Not a Pedestrian,No priority to pedestrian,12,0,0,0
Sunday,31-50,Male,Junior high school,Employee,1-2yr,Pick up upto 10Q,Owner,Above 10yr,No defect,Residential areas,other,Tangent road with flat terrain,No junction,Asphalt roads,Wet or damp,Darkness - lights lit,Normal,Vehicle with vehicle collision,2,6,Moving Backward,Not a Pedestrian,No distancing,20,1,0,1
Tuesday,18-30,Male,Above high school,Employee,2-5yr,Automobile,Owner,Unknown,No defect,Outside rural areas,Two-way (divided with broken lines road marking),Escarpments,Crossing,Asphalt roads,Dry,Daylight,Normal,Collision with pedestrians,2,1,Stopping,Not a Pedestrian,Changing lane to the right,18,0,1,0