Day_of_week,Age_band_of_driver,Sex_of_driver,Educational_level,Vehicle_driver_relation,Driving_experience,Type_of_vehicle,Owner_of_vehicle,Service_year_of_vehicle,Defect_of_vehicle,Area_accident_occured,Lanes_or_Medians,Road_allignment,Types_of_Junction,Road_surface_type,Road_surface_conditions,Light_conditions,Weather_conditions,Type_of_collision,Number_of_vehicles_involved,Number_of_casualties,Vehicle_movement,Pedestrian_movement,Cause_of_accident,Hour_of_day,Is_night,Is_rush_hour,Is_weekend
Thursday,31-50,Male,Unknown,Owner,Above 10yr,Motorcycle,Governmental,Unknown,No defect,Residential areas,Double carriageway (median),Tangent road with flat terrain,Unknown,Gravel roads,Dry,Darkness - lights lit,Normal,Collision with roadside objects,1,1,Other,Not a Pedestrian,No distancing,23,1,0,0
Friday,18-30,Male,Junior high school,Employee,1-2yr,Lorry (41?100Q),Owner,Above 10yr,No defect,Church areas,Undivided Two way,Sharp reverse curve,Unknown,Asphalt roads,Wet or damp,Darkness - lights lit,Normal,Vehicle with vehicle collision,2,1,Going straight,Not a Pedestrian,Driving at high speed,4,1,0,0
Friday,Under 18,Male,Junior high school,Employee,Above 10yr,Automobile,Owner,Unknown,Unknown,Other,Two-way (divided with broken lines road marking),Tangent road with flat terrain,Crossing,Asphalt roads,Dry,Darkness - lights lit,Normal,Vehicle with vehicle collision,1,1,Going straight,Not a Pedestrian,No distancing,8,0,1,0
Saturday,18-30,Male,Elementary school,Employee,Unknown,Bicycle,Owner,Unknown,No defect,Recreational areas,Undivided Two way,Tangent road with flat terrain,No junction,Asphalt roads,Dry,Daylight,Normal,Vehicle with vehicle collision,2,1,Going straight,Not a Pedestrian,No distancing,14,0,0,1
Saturday,31-50,Male,Junior high school,Employee,1-2yr,Lorry (41?100Q),Owner,Unknown,No defect,Other,Two-way (divided with broken lines road marking),Tangent road with flat terrain,Y Shape,Asphalt roads,Wet or damp,Daylight,Normal,Vehicle with vehicle collision,2,2,Going straight,Not a Pedestrian,Changing lane to the right,16,0,0,1
Monday,Under 18,Male,Unknown,Unknown,Unknown,Automobile,Owner,2-5yrs,No defect,Office areas,Two-way (divided with broken lines road marking),Tangent road with mild grade and flat terrain,No junction,Asphalt roads,Dry,Daylight,Normal,Collision with roadside objects,2,1,Going straight,Not a Pedestrian,Other,13,0,0,0
Tuesday,31-50,Male,Junior high school,Owner,5-10yr,Automobile,Owner,Unknown,No defect,Office areas,other,Tangent road with flat terrain,Y Shape,Asphalt roads,Dry,Daylight,Normal,Vehicle with vehicle collision,2,1,Going straight,Not a Pedestrian,No distancing,13,0,0,0
Friday,31-50,Male,Junior high school,Employee,Above 10yr,Automobile,Owner,Unknown,No defect,Other,Two-way (divided with broken lines road marking),Tangent road with flat terrain,Y Shape,Gravel roads,Dry,Darkness - lights lit,Normal,Vehicle with vehicle collision,2,1,Moving Backward,Not a Pedestrian,No priority to vehicle,21,1,0,0
Monday,18-30,Male,Unknown,Unknown,Unknown,Lorry (41?100Q),Owner,Unknown,Unknown,Unknown,Two-way (divided with broken lines road marking),Tangent road with flat terrain,Y Shape,Asphalt roads,Dry,Daylight,Normal,Vehicle with vehicle collision,2,1,Going straight,Not a Pedestrian,Overtaking,17,0,1,0
Friday,Unknown,Male,Elementary school,Employee,Above 10yr,Other,Owner,2-5yrs,No defect,Residential areas,Undivided Two way,Steep grade downward with mountainous terrain,No junction,Asphalt roads,Dry,Daylight,Unknown,Vehicle with vehicle collision,2,2,Reversing,Not a Pedestrian,No distancing,11,0,0,0
Friday,Over 51,Male,Junior high school,Employee,1-2yr,Long lorry,Other,1-2yr,No defect,Recreational areas,other,Tangent road with flat terrain,Crossing,Asphalt roads,Dry,Daylight,Normal,Vehicle with vehicle collision,2,2,Going straight,Not a Pedestrian,Changing lane to the left,16,0,0,0
Friday,18-30,Male,High school,Employee,Above 10yr,Automobile,Owner,Above 10yr,No defect,Other,Two-way (divided with broken lines road marking),Tangent road with flat terrain,Y Shape,Asphalt roads,Dry,Daylight,Normal,Vehicle with vehicle collision,1,1,Going straight,Not a Pedestrian,Changing lane to the left,14,0,0,0
Wednesday,31-50,Male,Writing & reading,Employee,Below 1yr,Automobile,Owner,2-5yrs,No defect,Other,Two-way (divided with broken lines road marking),Escarpments,No junction,Asphalt roads,Dry,Daylight,Normal,Vehicle with vehicle collision,1,2,Unknown,Not a Pedestrian,No priority to vehicle,11,0,0,0
Wednesday,31-50,Male,Junior high school,Employee,5-10yr,Public (13?45 seats),Owner,Unknown,Unknown,Office areas,other,Tangent road with flat terrain,Crossing,Asphalt roads,Dry,Daylight,Normal,Vehicle with vehicle collision,2,1,Going straight,Not a Pedestrian,Other,11,0,0,0
Wednesday,Over 51,Male,Junior high school,Owner,2-5yr,Unknown,Owner,5-10yrs,Unknown,Other,Two-way (divided with broken lines road marking),Tangent road with flat terrain,Unknown,Asphalt roads,Dry,Daylight,Normal,Vehicle with vehicle collision,3,2,Turnover,Not a Pedestrian,No distancing,16,0,0,0
Friday,31-50,Male,Junior high school,Employee,2-5yr,Lorry (41?100Q),Governmental,Unknown,No defect,Other,One way,Tangent road with flat terrain,No junction,Asphalt roads,Dry,Daylight,Normal,Vehicle with vehicle collision,2,2,Reversing,Not a Pedestrian,No priority to vehicle,15,0,0,0
Thursday,31-50,Male,High school,Employee,1-2yr,Taxi,Governmental,Below 1yr,No defect,Residential areas,Undivided Two way,Tangent road with flat terrain,Y Shape,Asphalt roads,Dry,Daylight,Normal,Vehicle with vehicle collision,4,2,Moving Backward,Not a Pedestrian,Overtaking,17,0,1,0
Wednesday,31-50,Male,Junior high school,Other,Below 1yr,Lorry (41?100Q),Owner,5-10yrs,No defect,Church areas,Two-way (divided with broken lines road marking),Tangent road with flat terrain,No junction,Asphalt roads,Wet or damp,Daylight,Raining,Vehicle with vehicle collision,3,1,Going straight,Not a Pedestrian,No distancing,16,0,0,0
Monday,31-50,Male,Junior high school,Employee,1-2yr,Unknown,Owner,Unknown,No defect,Other,Two-way (divided with broken lines road marking),Tangent road with flat terrain,Y Shape,Asphalt roads,Dry,Daylight,Normal,Vehicle with vehicle collision,1,1,Going straight,Not a Pedestrian,No priority to vehicle,9,0,1,0
Sunday,18-30,Male,Junior high school,Employee,1-2yr,Other,Governmental,Unknown,No defect,Office areas,Two-way (divided with broken lines road marking),Tangent road with flat terrain,Unknown,Asphalt roads,Dry,Daylight,Normal,Vehicle with vehicle collision,2,2,Going straight,Crossing from nearside - masked by parked or statioNot a Pedestrianry vehicle,No priority to pedestrian,12,0,0,1
Thursday,18-30,Male,Junior high school,Employee,5-10yr,Pick up upto 10Q,Owner,Above 10yr,No defect,Office areas,Two-way (divided with broken lines road marking),Tangent road with flat terrain,Y Shape,Asphalt roads,Dry,Daylight,Normal,Collision with pedestrians,3,1,Going straight,Not a Pedestrian,Overtaking,17,0,1,0
Saturday,18-30,Male,Elementary school,Employee,5-10yr,Public (13?45 seats),Owner,Unknown,Unknown,Office areas,Undivided Two way,Tangent road with flat terrain,No junction,Asphalt roads,Dry,Darkness - lights lit,Other,Collision with roadside objects,2,2,Going straight,Not a Pedestrian,Moving Backward,21,1,0,1
Friday,Under 18,Male,Junior high school,Employee,2-5yr,Automobile,Owner,Unknown,Unknown,Office areas,Undivided Two way,Tangent road with flat terrain,Y Shape,Asphalt roads,Dry,Darkness - lights lit,Normal,Vehicle with vehicle collision,3,2,Going straight,Not a Pedestrian,Driving carelessly,18,0,1,0
Thursday,18-30,Male,Elementary school,Owner,5-10yr,Public (13?45 seats),Owner,5-10yrs,Unknown,Church areas,Two-way (divided with broken lines road marking),Tangent road with flat terrain,Crossing,Asphalt roads,Dry,Daylight,Normal,Vehicle with vehicle collision,2,1,Going straight,Not a Pedestrian,Driving carelessly,17,0,1,0
Friday,31-50,Male,Junior high school,Unknown,Unknown,Unknown,Governmental,Unknown,Unknown,Residential areas,Two-way (divided with broken lines road marking),Tangent road with flat terrain,No junction,Asphalt roads,Wet or damp,Darkness - lights lit,Normal,Vehicle with vehicle collision,1,1,Going straight,Not a Pedestrian,No priority to pedestrian,1,1,0,0
Monday,31-50,Male,High school,Employee,5-10yr,Lorry (41?100Q),Owner,5-10yrs,No defect,Other,Two-way (divided with broken lines road marking),Tangent road with rolling terrain,Unknown,Asphalt roads,Wet or damp,Darkness - lights unlit,Normal,Vehicle with vehicle collision,2,2,Going straight,Not a Pedestrian,Driving carelessly,16,0,0,0
Monday,Over 51,Male,Junior high school,Employee,2-5yr,Automobile,Owner,Unknown,No defect,Other,Undivided Two way,Tangent road with mountainous terrain and,No junction,Asphalt roads,Dry,Daylight,Normal,Collision with roadside objects,2,1,Going straight,Not a Pedestrian,No priority to vehicle,11,0,0,0
Friday,Unknown,Male,Junior high school,Owner,5-10yr,Other,Owner,Unknown,No defect,Residential areas,Two-way (divided with broken lines road marking),Tangent road with flat terrain,No junction,Asphalt roads,Wet or damp,Daylight,Normal,Vehicle with vehicle collision,2,2,Going straight,Not a Pedestrian,Changing lane to the right,8,0,1,0
Monday,18-30,Male,Junior high school,Owner,1-2yr,Unknown,Owner,Unknown,Unknown,Residential areas,other,Tangent road with flat terrain,Unknown,Asphalt roads,Dry,Darkness - no lighting,Normal,Vehicle with vehicle collision,3,2,Going straight,Not a Pedestrian,Changing lane to the left,10,0,0,0
Sunday,31-50,Male,Elementary school,Owner,5-10yr,Other,Owner,Unknown,No defect,Other,Two-way (divided with broken lines road marking),Tangent road with flat terrain,Crossing,Asphalt roads,Wet or damp,Daylight,Raining,Vehicle with vehicle collision,3,1,Unknown,Not a Pedestrian,No priority to pedestrian,17,0,1,1
Thursday,18-30,Male,Junior high school,Owner,5-10yr,Stationwagen,Owner,Unknown,Unknown,Office areas,Two-way (divided with broken lines road marking),Tangent road with flat terrain,Y Shape,Asphalt roads,Dry,Daylight,Normal,Vehicle with vehicle collision,2,1,Going straight,Not a Pedestrian,Changing lane to the right,13,0,0,0
Monday,31-50,Male,Junior high school,Employee,2-5yr,Taxi,Owner,Unknown,No defect,Residential areas,Undivided Two way,Tangent road with flat terrain,Y Shape,Asphalt roads,Dry,Daylight,Normal,Vehicle with vehicle collision,2,1,Going straight,Not a Pedestrian,No priority to vehicle,13,0,0,0
Tuesday,31-50,Male,Junior high school,Employee,Above 10yr,Unknown,Owner,5-10yrs,No defect,Industrial areas,other,Tangent road with flat terrain,Y Shape,Asphalt roads,Dry,Daylight,Normal,Vehicle with vehicle collision,3,1,Going straight,Not a Pedestrian,No priority to vehicle,16,0,0,0
Thursday,Over 51,Male,Junior high school,Employee,Above 10yr,Lorry (41?100Q),Owner,5-10yrs,Unknown,Residential areas,Undivided Two way,Tangent road with flat terrain,No junction,Asphalt roads,Dry,Daylight,Normal,Vehicle with vehicle collision,2,1,Going straight,Not a Pedestrian,No priority to pedestrian,15,0,0,0
Thursday,Unknown,Male,Junior high school,Employee,2-5yr,Stationwagen,Owner,Unknown,Unknown,Unknown,other,Tangent road with flat terrain,Y Shape,Asphalt roads,Dry,Darkness - lights lit,Unknown,Vehicle with vehicle collision,2,1,Going straight,Not a Pedestrian,Changing lane to the right,19,0,1,0
Tuesday,18-30,Male,Junior high school,Owner,5-10yr,Automobile,Owner,Unknown,Unknown,Residential areas,Unknown,Tangent road with flat terrain,Y Shape,Asphalt roads,Dry,Daylight,Normal,Vehicle with vehicle collision,2,2,Going straight,Not a Pedestrian,Driving carelessly,7,0,1,0
Wednesday,18-30,Male,Elementary school,Employee,Above 10yr,Lorry (41?100Q),Owner,Unknown,No defect,Office areas,Undivided Two way,Tangent road with flat terrain,No junction,Asphalt roads,Wet or damp,Darkness - lights lit,Cloudy,Vehicle with vehicle collision,2,1,Other,Not a Pedestrian,No priority to pedestrian,8,0,1,0
Monday,18-30,Male,Junior high school,Employee,Below 1yr,Lorry (41?100Q),Owner,5-10yrs,No defect,Industrial areas,Two-way (divided with broken lines road marking),Tangent road with mild grade and flat terrain,Other,Asphalt roads,Dry,Daylight,Unknown,Collision with roadside objects,2,2,Other,Not a Pedestrian,Overtaking,8,0,1,0
Saturday,Unknown,Female,Junior high school,Employee,2-5yr,Pick up upto 10Q,Owner,5-10yrs,No defect,Other,Undivided Two way,Tangent road with flat terrain,Other,Asphalt roads,Dry,Daylight,Normal,Vehicle with vehicle collision,3,1,Other,Not a Pedestrian,Changing lane to the left,14,0,0,1
Sunday,31-50,Male,Junior high school,Employee,5-10yr,Public (13?45 seats),Owner,1-2yr,No defect,Office areas,Undivided Two way,Tangent road with flat terrain,No junction,Asphalt roads,Wet or damp,Darkness - lights lit,Normal,Vehicle with vehicle collision,2,1,Going straight,Unknown or other,No distancing,21,1,0,1
Tuesday,Unknown,Male,Junior high school,Owner,5-10yr,Lorry (41?100Q),Owner,2-5yrs,Unknown,Office areas,Undivided Two way,Tangent road with flat terrain,Y Shape,Asphalt roads,Dry,Daylight,Normal,Vehicle with vehicle collision,2,1,Going straight,Not a Pedestrian,Changing lane to the right,8,0,1,0
Wednesday,31-50,Female,Junior high school,Employee,5-10yr,Lorry (41?100Q),Owner,Unknown,No defect,Church areas,Double carriageway (median),Tangent road with flat terrain,Unknown,Asphalt roads,Wet or damp,Daylight,Raining,Collision with roadside objects,2,1,Turnover,Not a Pedestrian,Changing lane to the left,8,0,1,0
Tuesday,18-30,Male,Junior high school,Employee,5-10yr,Automobile,Owner,Unknown,No defect,Other,other,Tangent road with flat terrain,No junction,Asphalt roads,Dry,Daylight,Normal,Vehicle with vehicle collision,2,1,Turnover,Not a Pedestrian,Changing lane to the right,17,0,1,0
Sunday,18-30,Male,Junior high school,Owner,Below 1yr,Other,Governmental,2-5yrs,Unknown,Office areas,Undivided Two way,Tangent road with flat terrain,No junction,Asphalt roads,Dry,Darkness - lights lit,Normal,Vehicle with vehicle collision,2,2,Going straight,Not a Pedestrian,Changing lane to the right,3,1,0,1
Monday,Unknown,Female,Junior high school,Owner,2-5yr,Unknown,Owner,Unknown,No defect,Other,other,Tangent road with flat terrain,No junction,Gravel roads,Dry,Daylight,Normal,Vehicle with vehicle collision,2,3,Going straight,Not a Pedestrian,No distancing,15,0,0,0
Tuesday,31-50,Male,High school,Employee,2-5yr,Unknown,Owner,Unknown,No defect,Other,Two-way (divided with broken lines road marking),Tangent road with flat terrain,No junction,Asphalt roads,Dry,Darkness - lights lit,Normal,Vehicle with vehicle collision,2,1,Going straight,Not a Pedestrian,No distancing,7,0,1,0
Tuesday,31-50,Male,Junior high school,Owner,Above 10yr,Unknown,Owner,2-5yrs,No defect,Office areas,Two-way (divided with broken lines road marking),Tangent road with flat terrain,Y Shape,Asphalt roads,Wet or damp,Daylight,Raining,Vehicle with vehicle collision,2,1,Going straight,Not a Pedestrian,Changing lane to the right,13,0,0,0
Monday,Over 51,Male,Junior high school,Employee,1-2yr,Pick up upto 10Q,Owner,Unknown,Unknown,Residential areas,other,Tangent road with flat terrain,No junction,Asphalt roads,Dry,Daylight,Normal,Vehicle with vehicle collision,2,2,Going straight,Not a Pedestrian,No distancing,14,0,0,0
Wednesday,31-50,Male,Junior high school,Employee,2-5yr,Public (12 seats),Owner,Unknown,No defect,Other,Undivided Two way,Tangent road with flat terrain,Crossing,Asphalt roads,Dry,Daylight,Normal,Collision with pedestrians,1,1,Going straight,Not a Pedestrian,No priority to pedestrian,18,0,1,0
Wednesday,Over 51,Male,Junior high school,Employee,1-2yr,Automobile,Owner,2-5yrs,No defect,Residential areas,Undivided Two way,Tangent road with flat terrain,No junction,Asphalt roads,Wet or damp,Daylight,Normal,Collision with roadside-parked vehicles,3,1,Going straight,Not a Pedestrian,No distancing,8,0,1,0
Monday,31-50,Male,Junior high school,Employee,Above 10yr,Lorry (41?100Q),Owner,Unknown,No defect,Office areas,One way,Tangent road with flat terrain,Y Shape,Asphalt roads,Wet or damp,Daylight,Raining,Vehicle with vehicle collision,2,1,Going straight,Not a Pedestrian,No priority to vehicle,10,0,0,0
Monday,31-50,Male,Junior high school,Employee,1-2yr,Automobile,Owner,Unknown,Unknown,Office areas,One way,Tangent road with mild grade and flat terrain,No junction,Asphalt roads,Dry,Daylight,Normal,Vehicle with vehicle collision,1,1,Going straight,Not a Pedestrian,No priority to pedestrian,16,0,0,0
Saturday,Under 18,Male,Junior high school,Employee,2-5yr,Lorry (41?100Q),Owner,5-10yrs,No defect,Other,other,Tangent road with flat terrain,No junction,Asphalt roads,Dry,Daylight,Normal,Vehicle with vehicle collision,2,1,Going straight,Not a Pedestrian,No distancing,17,0,1,1
Thursday,Over 51,Male,Junior high school,Employee,Above 10yr,Lorry (41?100Q),Owner,Unknown,No defect,Unknown,Undivided Two way,Tangent road with flat terrain,Y Shape,Asphalt roads,Dry,Daylight,Normal,Vehicle with vehicle collision,2,1,Going straight,Not a Pedestrian,No priority to vehicle,15,0,0,0
Wednesday,18-30,Male,Junior high school,Employee,5-10yr,Unknown,Owner,2-5yrs,No defect,Industrial areas,Two-way (divided with broken lines road marking),Tangent road with flat terrain,Y Shape,Asphalt roads,Dry,Darkness - no lighting,Unknown,Collision with pedestrians,1,1,Going straight,Not a Pedestrian,Overspeed,19,0,1,0
Friday,Under 18,Male,Elementary school,Employee,5-10yr,Lorry (11?40Q),Owner,Unknown,No defect,Industrial areas,Two-way (divided with broken lines road marking),Unknown,No junction,Asphalt roads,Wet or damp,Darkness - lights lit,Raining,Vehicle with vehicle collision,1,2,Moving Backward,Not a Pedestrian,Moving Backward,22,1,0,0
Thursday,18-30,Male,Junior high school,Employee,Above 10yr,Taxi,Owner,Above 10yr,No defect,Office areas,other,Tangent road with flat terrain,No junction,Asphalt roads,Dry,Daylight,Normal,Vehicle with vehicle collision,3,2,Going straight,Not a Pedestrian,Changing lane to the right,8,0,1,0
Wednesday,18-30,Male,Junior high school,Employee,Above 10yr,Automobile,Owner,Unknown,Unknown,Other,Undivided Two way,Tangent road with flat terrain,Unknown,Asphalt roads,Wet or damp,Daylight,Raining,Collision with roadside objects,2,4,Going straight,Not a Pedestrian,No priority to vehicle,8,0,1,0
Thursday,31-50,Male,Above high school,Employee,1-2yr,Stationwagen,Owner,Above 10yr,No defect,Office areas,Two-way (divided with broken lines road marking),Tangent road with flat terrain,Y Shape,Asphalt roads,Dry,Darkness - lights lit,Normal,Vehicle with vehicle collision,2,2,Going straight,Not a Pedestrian,Changing lane to the right,18,0,1,0
Sunday,Under 18,Male,Elementary school,Other,5-10yr,Motorcycle,Governmental,Unknown,No defect,Other,Two-way (divided with broken lines road marking),Steep grade downward with mountainous terrain,Crossing,Earth roads,Dry,Daylight,Normal,Vehicle with vehicle collision,2,1,Going straight,"In carriageway, statioNot a Pedestrianry - not crossing  (standing or playing)",Driving carelessly,13,0,0,1
Sunday,18-30,Male,Junior high school,Employee,Below 1yr,Unknown,Owner,Unknown,No defect,Office areas,Undivided Two way,Tangent road with flat terrain,No junction,Asphalt roads,Dry,Daylight,Normal,Vehicle with vehicle collision,2,2,Other,Not a Pedestrian,No distancing,16,0,0,1
Friday,31-50,Male,Elementary school,Employee,Below 1yr,Lorry (41?100Q),Governmental,Unknown,No defect,Residential areas,other,Tangent road with flat terrain,No junction,Asphalt roads,Dry,Daylight,Normal,Vehicle with vehicle collision,3,1,Going straight,Not a Pedestrian,No distancing,14,0,0,0
Monday,Over 51,Male,High school,Employee,2-5yr,Public (> 45 seats),Owner,Unknown,No defect,School areas,Two-way (divided with broken lines road marking),Tangent road with flat terrain,No junction,Asphalt roads,Dry,Daylight,Normal,Collision with roadside objects,2,1,Getting off,Not a Pedestrian,Other,15,0,0,0
Sunday,31-50,Male,Elementary school,Employee,1-2yr,Pick up upto 10Q,Owner,5-10yrs,No defect,Other,Two-way (divided with broken lines road marking),Tangent road with flat terrain,Unknown,Asphalt roads,Dry,Daylight,Normal,Vehicle with vehicle collision,1,2,Other,Not a Pedestrian,Driving carelessly,17,0,1,1
Wednesday,Over 51,Male,Unknown,Employee,1-2yr,Other,Owner,Unknown,No defect,Other,Double carriageway (median),Tangent road with flat terrain,No junction,Asphalt roads,Dry,Daylight,Normal,Vehicle with vehicle collision,2,1,Going straight,Not a Pedestrian,Turnover,9,0,1,0
Wednesday,18-30,Male,Elementary school,Employee,2-5yr,Lorry (41?100Q),Owner,1-2yr,No defect,Other,other,Steep grade downward with mountainous terrain,Crossing,Asphalt roads,Dry,Daylight,Normal,Vehicle with vehicle collision,2,2,Other,Not a Pedestrian,No distancing,13,0,0,0
Thursday,31-50,Male,Junior high school,Employee,5-10yr,Long lorry,Owner,Above 10yr,Unknown,Industrial areas,Undivided Two way,Tangent road with flat terrain,Y Shape,Asphalt roads,Dry,Daylight,Normal,Vehicle with vehicle collision,2,1,Going straight,Not a Pedestrian,Driving carelessly,18,0,1,0
Wednesday,18-30,Male,Junior high school,Employee,Below 1yr,Automobile,Governmental,Unknown,Unknown,Office areas,other,Tangent road with flat terrain,Crossing,Asphalt roads,Dry,Daylight,Normal,Vehicle with vehicle collision,2,1,Going straight,Not a Pedestrian,Changing lane to the right,11,0,0,0
Tuesday,Unknown,Male,Unknown,Unknown,Unknown,Lorry (41?100Q),Owner,Unknown,No defect,Office areas,Two-way (divided with broken lines road marking),Tangent road with flat terrain,No junction,Asphalt roads,Dry,Darkness - lights lit,Normal,Vehicle with vehicle collision,2,1,Going straight,Not a Pedestrian,Driving carelessly,18,0,1,0
Tuesday,18-30,Male,Junior high school,Employee,1-2yr,Long lorry,Owner,1-2yr,No defect,Office areas,Two-way (divided with broken lines road marking),Tangent road with flat terrain,Crossing,Asphalt roads,Dry,Daylight,Normal,Unknown,1,1,Going straight,Not a Pedestrian,No priority to vehicle,16,0,0,0
Thursday,31-50,Male,High school,Employee,Above 10yr,Lorry (41?100Q),Owner,Unknown,Unknown,Other,One way,Tangent road with flat terrain,Y Shape,Gravel roads,Dry,Daylight,Normal,Vehicle with vehicle collision,3,1,Turnover,Crossing from nearside - masked by parked or statioNot a Pedestrianry vehicle,Changing lane to the left,14,0,0,0
Friday,31-50,Male,Junior high school,Employee,Below 1yr,Automobile,Owner,Unknown,Unknown,Office areas,Undivided Two way,Tangent road with flat terrain,Y Shape,Asphalt roads,Dry,Daylight,Normal,Vehicle with vehicle collision,2,2,Going straight,Crossing from nearside - masked by parked or statioNot a Pedestrianry vehicle,No priority to pedestrian,14,0,0,0
Wednesday,31-50,Male,Junior high school,Employee,1-2yr,Automobile,Owner,Unknown,No defect,Recreational areas,One way,Tangent road with mild grade and flat terrain,No junction,Asphalt roads,Dry,Daylight,Normal,Vehicle with vehicle collision,2,1,Going straight,Not a Pedestrian,Driving carelessly,17,0,1,0
Monday,18-30,Female,Junior high school,Employee,5-10yr,Taxi,Owner,1-2yr,No defect,Industrial areas,other,Tangent road with flat terrain,Unknown,Asphalt roads,Dry,Darkness - no lighting,Normal,Collision with roadside objects,1,4,Going straight,Not a Pedestrian,Driving carelessly,14,0,0,0
Sunday,Under 18,Male,Junior high school,Employee,1-2yr,Automobile,Owner,Unknown,Unknown,Office areas,Undivided Two way,Tangent road with flat terrain,No junction,Asphalt roads,Dry,Darkness - no lighting,Normal,Collision with pedestrians,2,1,Going straight,Not a Pedestrian,Driving carelessly,21,1,0,1
Tuesday,31-50,Male,Junior high school,Owner,2-5yr,Unknown,Owner,Unknown,Unknown,Other,Two-way (divided with broken lines road marking),Tangent road with flat terrain,Y Shape,Asphalt roads,Dry,Daylight,Normal,Vehicle with vehicle collision,1,1,Going straight,Unknown or other,No priority to pedestrian,16,0,0,0
Wednesday,31-50,Male,Junior high school,Employee,2-5yr,Automobile,Owner,Above 10yr,Unknown,Residential areas,One way,Tangent road with flat terrain,No junction,Asphalt roads,Dry,Daylight,Normal,Vehicle with vehicle collision,2,1,Reversing,Not a Pedestrian,No priority to vehicle,17,0,1,0
Friday,18-30,Male,Junior high school,Employee,5-10yr,Lorry (41?100Q),Owner,2-5yrs,No defect,Outside rural areas,Undivided Two way,Tangent road with mountainous terrain and,Unknown,Asphalt roads,Dry,Daylight,Normal,Vehicle with vehicle collision,1,1,Going straight,Not a Pedestrian,Overturning,4,1,0,0
Sunday,Unknown,Female,Junior high school,Employee,5-10yr,Other,Owner,Unknown,No defect,Office areas,Undivided Two way,Tangent road with flat terrain,No junction,Asphalt roads,Dry,Darkness - lights lit,Normal,Vehicle with vehicle collision,1,1,Going straight,Not a Pedestrian,Moving Backward,1,1,0,1
Friday,Over 51,Male,Junior high school,Owner,5-10yr,Unknown,Owner,1-2yr,No defect,Unknown,Undivided Two way,Tangent road with flat terrain,Unknown,Asphalt roads with some distress,Dry,Darkness - lights lit,Normal,Collision with roadside objects,2,3,Going straight,Not a Pedestrian,No priority to vehicle,15,0,0,0
Tuesday,Unknown,Male,Junior high school,Employee,Below 1yr,Public (> 45 seats),Owner,Unknown,No defect,Office areas,One way,Tangent road with flat terrain,No junction,Asphalt roads,Dry,Darkness - lights lit,Other,Vehicle with vehicle collision,2,1,Going straight,Not a Pedestrian,Driving carelessly,19,0,1,0
Tuesday,Over 51,Male,Junior high school,Employee,2-5yr,Public (13?45 seats),Owner,2-5yrs,Unknown,Office areas,Double carriageway (median),Tangent road with flat terrain,Y Shape,Asphalt roads,Dry,Daylight,Normal,Collision with roadside objects,2,1,Going straight,Not a Pedestrian,No priority to vehicle,17,0,1,0
Sunday,18-30,Male,Junior high school,Employee,2-5yr,Lorry (41?100Q),Owner,Unknown,No defect,Other,other,Tangent road with flat terrain,Crossing,Asphalt roads,Dry,Darkness - lights lit,Normal,Collision with pedestrians,2,2,Moving Backward,Not a Pedestrian,Changing lane to the right,1,1,0,1
Thursday,18-30,Male,Junior high school,Employee,Above 10yr,Lorry (41?100Q),Governmental,Unknown,No defect,Church areas,Double carriageway (median),Tangent road with flat terrain,Y Shape,Asphalt roads,Dry,Daylight,Normal,Vehicle with vehicle collision,3,1,Going straight,Not a Pedestrian,No distancing,10,0,0,0
Friday,31-50,Male,Junior high school,Employee,1-2yr,Public (13?45 seats),Owner,Unknown,No defect,Recreational areas,One way,Tangent road with flat terrain,Y Shape,Asphalt roads,Dry,Daylight,Normal,Vehicle with vehicle collision,2,1,Going straight,Not a Pedestrian,No priority to vehicle,8,0,1,0
Sunday,31-50,Male,Junior high school,Employee,Above 10yr,Lorry (41?100Q),Owner,1-2yr,No defect,Residential areas,Undivided Two way,Tangent road with flat terrain,Crossing,Asphalt roads,Dry,Darkness - lights lit,Normal,Vehicle with vehicle collision,2,3,Getting off,Not a Pedestrian,Overtaking,4,1,0,1
Friday,Under 18,Male,Junior high school,Employee,Above 10yr,Automobile,Unknown,Unknown,Unknown,Residential areas,other,Unknown,Y Shape,Asphalt roads,Dry,Darkness - lights lit,Normal,Vehicle with vehicle collision,2,2,Going straight,Not a Pedestrian,No priority to vehicle,0,1,0,0
Thursday,18-30,Male,High school,Employee,1-2yr,Lorry (41?100Q),Owner,Unknown,No defect,Other,Undivided Two way,Tangent road with flat terrain,Y Shape,Asphalt roads,Dry,Daylight,Normal,Vehicle with vehicle collision,2,1,Going straight,Not a Pedestrian,Changing lane to the left,12,0,0,0
Wednesday,18-30,Male,Elementary school,Employee,5-10yr,Long lorry,Owner,2-5yrs,No defect,Office areas,Double carriageway (median),Tangent road with flat terrain,No junction,Asphalt roads,Dry,Daylight,Normal,Vehicle with vehicle collision,2,1,Going straight,Not a Pedestrian,Moving Backward,15,0,0,0
Saturday,18-30,Male,Junior high school,Employee,2-5yr,Automobile,Owner,Above 10yr,No defect,School areas,other,Tangent road with flat terrain,No junction,Asphalt roads,Dry,Daylight,Normal,Collision with roadside objects,2,1,Going straight,Not a Pedestrian,Other,17,0,1,1